grid_id,lat,lon,count,freq_5yr,freq_10yr,freq_20yr,total_damages,total_deaths,total_affected,avg_duration,top_month,monthly_dist,risk_slope,severity_score,severity_score_normalized,primary_admin1,unique_locations
-10_-75,-10,-75,2,0,1,2,0.0,418.0,57600.0,149.5,May,May:1;July:1,,0.73,16.53,Pasco, Pasco
-12_-77,-12,-77,2,1,1,1,94000.0,38.0,203320.0,88.5,January,January:1;May:1,,3.83,65.11,Lima," Lima, Lima"
-14_-74,-14,-74,1,1,1,1,0.0,1.0,92701.0,20.0,August,August:1,,-0.23,1.54,Ayacucho, Ayacucho
-15_-68,-15,-68,1,0,0,1,0.0,9.0,0.0,88.0,May,May:1,,0.0,5.11,La Paz,La Paz province
-15_-70,-15,-70,1,0,0,1,0.0,5.0,0.0,27.0,July,July:1,,-0.07,3.98,Puno, Puno
-16_-72,-16,-72,2,0,2,2,0.0,272.0,43553.0,42.5,May,May:1;June:1,,0.67,15.58,Arequipa," Arequipa, Arequipa province"
-17_-61,-17,-61,1,0,1,1,0.0,42.0,0.0,27.0,July,July:1,,0.21,8.35,Santa Cruz,Santa Cruz province
-17_-66,-17,-66,2,0,0,2,0.0,15.0,25282.0,27.0,July,July:2,,0.27,9.29,Cochabamba," Cochabamba, Cochabamba"
-17_-71,-17,-71,2,1,1,2,0.0,844.0,1949145.0,103.0,April,April:1;July:1,,0.83,18.09,Moquegua, Moquegua
-18_-45,-18,-45,1,0,0,0,475000.0,0.0,0.0,0.0,June,June:1,,3.6,61.46,Minas Gerais,Minas Gerais
-19_-66,-19,-66,1,1,1,1,0.0,18.0,17490.0,27.0,August,August:1,,0.09,6.53,Potosi, Colquechaca area 
-19_147,-19,147,1,0,0,0,0.0,5.0,100150.0,27.0,January,January:1,,-0.07,3.98,Queensland,Townsville
-24_-46,-24,-46,1,0,1,1,0.0,32.0,0.0,27.0,February,February:1,,0.17,7.76,Sao Paulo, Santos district 
-25_-52,-25,-52,1,0,0,0,600000.0,70.0,600.0,27.0,July,July:1,,4.27,72.02,Parana,Parana
-26_-51,-26,-51,1,0,0,1,0.0,5.0,0.0,27.0,July,July:1,,-0.07,3.98,Santa Catarina,Santa Catarina
-26_-56,-26,-56,1,0,0,1,0.0,5.0,0.0,27.0,July,July:1,,-0.07,3.98,Guaira, Guaira
-26_-57,-26,-57,1,0,0,1,0.0,8.0,0.0,27.0,July,July:1,,-0.01,4.88,Paraguari, Paraguari
-26_26,-26,26,1,1,1,1,0.0,11.0,20.0,9.0,January,January:1,,0.03,5.51,North West,Ngaka Modiri Molema 
-26_28,-26,28,1,0,0,1,0.0,22.0,0.0,6.0,May,May:1,,0.12,6.96,Gauteng,Gauteng
-27_-57,-27,-57,1,0,1,1,0.0,42.0,0.0,27.0,July,July:1,,0.21,8.35,Misiones, Misiones
-29_-58,-29,-58,1,0,0,1,0.0,0.0,200.0,27.0,July,July:1,,-0.33,0.0,Corrientes, Corrientes
-29_31,-29,31,1,0,0,0,0.0,30.0,0.0,0.0,July,July:1,,0.16,7.62,KwaZulu-Natal,Kwazulu Natal
-31_-52,-31,-52,1,0,0,1,0.0,7.0,0.0,27.0,July,July:1,,-0.03,4.61,Rio Grande Do Sul,Porto Alegre district 
-32_-64,-32,-64,1,0,1,1,0.0,42.0,0.0,27.0,July,July:1,,0.21,8.35,Cordoba, Cordoba
-32_147,-32,147,1,0,0,0,0.0,0.0,1000034.0,27.0,December,December:1,,-0.33,0.0,New South Wales,Southern NSW
-33_-61,-33,-61,1,0,0,1,0.0,9.0,0.0,88.0,May,May:1,,0.0,5.11,Santa Fe,Rosario district 
-33_-71,-33,-71,1,0,0,1,0.0,9.0,0.0,88.0,May,May:1,,0.0,5.11,Region Metropolitana De Santiago, Santiago district 
-34_-71,-34,-71,1,1,1,1,1000000.0,0.0,0.0,20.0,September,September:1,,3.82,64.96,Libertador General Bernardo O'Higgins, Libertador Gral. Bernardo O'Higgins
-34_151,-34,151,1,0,0,0,0.0,1.0,500100.0,27.0,November,November:1,,-0.23,1.54,New South Wales,Western Sydney
-35_-55,-35,-55,1,0,0,1,0.0,7.0,400.0,27.0,July,July:1,,-0.03,4.61,Maldonado, Maldonado provinces
-35_-56,-35,-56,3,0,1,3,0.0,56.0,0.0,47.33,July,May:1;July:2,0.0,0.59,14.33,Canelones," Canelones, Canelones, Montevideo province"
-37_-61,-37,-61,2,0,0,1,0.0,115.0,300.0,0.0,January,January:1;June:1,,0.55,13.68,Buenos Aires,Buenos Aires
-37_144,-37,144,1,1,1,1,0.0,139.0,0.0,5.0,January,January:1,,0.37,10.97,Victoria, Victoria provinces
-38_-58,-38,-58,1,0,0,1,0.0,5.0,0.0,27.0,July,July:1,,-0.07,3.98,Buenos Aires,Mar del Plata city 
-38_-71,-38,-71,1,0,1,1,0.0,0.0,25475.0,6.0,July,July:1,,-0.33,0.0,Araucania,Lonquimay
-39_-72,-39,-72,4,0,1,3,10000.0,7.0,35000.0,18.0,July,July:2;August:1,0.0,3.18,55.01,Araucania," Araucania,  Cunco,  Pucon"
-40_-63,-40,-63,1,0,0,1,0.0,14.0,3000.0,27.0,July,July:1,,0.06,6.01,Buenos Aires,Patagonia
-42_-73,-42,-73,1,0,0,1,10000.0,0.0,0.0,0.0,July,July:1,,2.44,43.31,Los Lagos, Los Lagos
-42_147,-42,147,1,0,1,1,0.0,347.0,2000.0,12.0,January,January:1,,0.5,12.99,Tasmania, Tasmania 
-44_170,-44,170,1,0,0,1,200000.0,0.0,0.0,117.0,January,January:1,,3.34,57.39,West Coast, Westland provinces
-45_-71,-45,-71,1,0,0,0,0.0,0.0,25000.0,27.0,September,September:1,,-0.33,0.0,Chubut, Alto Rio Surgen
-46_-73,-46,-73,1,0,1,1,0.0,42.0,0.0,27.0,July,July:1,,0.21,8.35,Aisen Del General Carlos Ibanez Del Campo,Aisen del Gral. Carlos Ibañez del Campo province
-9_-76,-9,-76,1,0,1,1,0.0,274.0,24262.0,119.0,May,May:1,,0.47,12.47,Huanuco, Huanuco provinces
12_13,12,13,1,0,0,1,0.0,60.0,0.0,27.0,June,June:1,,0.26,9.12,Borno,Maiduguri district 
14_-89,14,-89,1,0,0,1,0.0,6.0,0.0,22.0,November,November:1,,-0.05,4.32,La Libertad,La Libertad province
14_-91,14,-91,1,0,0,1,0.0,6.0,0.0,22.0,November,November:1,,-0.05,4.32,Escuintla, Escuintla
15_-90,15,-90,1,0,0,1,0.0,0.0,1850.0,27.0,November,November:1,,-0.33,0.0,Zacapa, Zacapa
15_-92,15,-92,1,0,1,1,0.0,0.0,2643.0,27.0,December,December:1,,-0.33,0.0,San Marcos, San Marcos
16_-92,16,-92,1,1,1,1,0.0,0.0,8141.0,88.0,November,November:1,,-0.33,0.0,Huehuetenango, Huehuetenango
16_80,16,80,3,2,3,3,0.0,579.0,0.0,38.33,April,January:1;April:2,0.0,0.92,19.48,Andhra Pradesh," Guntur districts , Andhra Pradesh"
17_102,17,102,1,1,1,1,0.0,63.0,1000000.0,27.0,January,January:1,,0.26,9.23,Loei,Loei
17_81,17,81,1,1,1,1,0.0,557.0,0.0,59.0,April,April:1,,0.57,14.04,Andhra Pradesh, Krishna
20_100,20,100,1,1,1,1,1600000.0,5.0,0.0,6.0,January,January:1,,4.21,71.15,Chiang Rai, Chiang Rai
21_-103,21,-103,1,0,0,0,4000.0,87.0,0.0,0.0,December,December:1,,2.8,48.94,Jalisco,Guadalajara
21_29,21,29,1,1,1,1,0.0,16.0,0.0,2.0,August,August:1,,0.08,6.29,Northern,Wadi Halfa district 
21_82,21,82,1,0,0,1,0.0,0.0,0.0,,Unknown,NA,,-0.33,0.0,Chhattisgarh, Chhattisgarh
21_84,21,84,1,0,0,1,0.0,47.0,0.0,27.0,May,May:1,,0.22,8.59,Odisha, Orissa
22_-102,22,-102,1,0,0,1,0.0,100.0,0.0,27.0,December,December:1,,0.33,10.24,Aguascalientes, Aguascalientes
22_90,22,90,1,0,0,1,0.0,0.0,0.0,27.0,July,July:1,,-0.33,0.0,Barisal,Barisal
23_114,23,114,1,0,0,1,0.0,39.0,0.0,1.0,July,July:1,,0.2,8.19,Guangdong,Guangzhou district
23_72,23,72,1,0,0,1,0.0,140.0,0.0,27.0,April,April:1,,0.37,10.98,Gujarat, Gujurat
23_89,23,89,1,0,0,1,0.0,120.0,34000.0,0.0,January,January:1,,0.35,10.64,Khulna,Jessore
23_90,23,90,1,0,1,1,0.0,50.0,100000.0,44.0,January,January:1,,0.23,8.73,Barisal, Nazirpur upazila 
23_92,23,92,2,0,1,2,0.0,61.0,2000.0,16.0,January,January:1;December:1,,0.46,12.29,Chittagong, Chittagong
24_118,24,118,1,1,1,1,1600000.0,5.0,0.0,6.0,January,January:1,,4.21,71.15,Fujian, Kinmen
24_78,24,78,2,0,0,2,400000.0,3751.0,0.0,11.5,May,May:2,,4.91,82.05,Madhya Pradesh, Madhya Pradesh
24_88,24,88,3,0,1,3,0.0,395.0,25.0,42.33,January,January:1;April:1;July:1,0.0,0.86,18.63,West Bengal," West Bengal,  West Bengal provinces"
24_90,24,90,4,1,2,4,0.0,389.0,175200.0,42.25,January,January:2;December:2,0.0,0.97,20.32,Dhaka," Dhaka,  Sirajganj,  Tangail"
25_-105,25,-105,1,0,0,1,0.0,6.0,0.0,22.0,November,November:1,,-0.05,4.32,Durango, Durango
25_101,25,101,1,0,1,1,0.0,16.0,0.0,4.0,February,February:1,,0.08,6.29,Yunnan,Yunnan Sheng province
25_67,25,67,1,0,0,0,0.0,32.0,0.0,0.0,June,June:1,,0.17,7.76,Sind,Karachi
25_68,25,68,1,0,0,0,0.0,523.0,250.0,14.0,June,June:1,,0.56,13.9,Sind, Hyderabad 
25_70,25,70,1,1,1,1,18000.0,139.0,0.0,119.0,January,January:1,,3.31,57.04,Sind,Mithi
25_89,25,89,2,0,0,1,400000.0,1243.0,0.0,11.5,January,January:1;May:1,,4.75,79.6,Rajshahi," Level 1 = Rajshahi,  Rajshahi provinces"
26_-1,26,-1,1,0,0,1,0.0,40.0,0.0,30.0,June,June:1,,0.2,8.24,Adrar,Adrar 
26_69,26,69,3,0,0,3,0.0,303.0,324.0,23.0,May,May:2;June:1,0.0,0.83,18.05,Sind," Sindh,  Sindh provinces"
26_86,26,86,9,0,0,1,144000.0,1387.0,0.0,12.0,December,January:2;April:1;May:1;June:1;December:4,-0.1204,5.06,84.35,Bihar," Bihar, Bihar, Bihar state"
26_88,26,88,1,0,1,1,0.0,135.0,50000.0,47.0,December,December:1,,0.37,10.9,Rangpur, Haripur
26_89,26,89,4,0,0,2,0.0,1026.0,52000.0,31.25,January,January:2;December:2,0.0,1.11,22.47,Rangpur," Dinajpur,  Nilphamari,  Nilphamari districts ,  Rangpur provinces"
26_90,26,90,1,0,0,1,0.0,100.0,1000.0,58.0,December,December:1,,0.33,10.24,Rangpur, Kurigram districts 
27_74,27,74,6,0,0,1,0.0,1051.0,1000.0,35.0,May,May:3;June:1;July:1;December:1,0.0,1.28,25.13,Rajasthan," Rajasthan, Rajasthan"
27_81,27,81,5,0,0,4,0.0,1390.0,0.0,30.8,January,January:2;April:1;May:1;December:1,0.0739,1.24,24.56,Uttar Pradesh," Uttar Pradesh, Uttar Pradesh"
27_85,27,85,1,0,0,1,0.0,60.0,200.0,27.0,December,December:1,,0.26,9.12,Central, Parsa
27_86,27,86,1,0,1,1,123.0,42.0,0.0,8.0,January,January:1,,1.65,31.01,Central, Mahottari
27_87,27,87,2,1,2,2,0.0,179.0,50000.0,42.0,January,January:1;December:1,,0.61,14.66,East,"SAptari, Saptari "
27_88,27,88,1,0,1,1,0.0,0.0,25000.0,58.0,December,December:1,,-0.33,0.0,East, Ilam
28_-16,28,-16,1,0,0,1,0.0,26.0,0.0,4.0,July,July:1,,0.14,7.31,Islas Canarias,Canarias province
28_112,28,112,1,0,1,1,21100000.0,129.0,77000000.0,26.0,January,January:1,,5.42,90.1,Hunan, Hunan Sheng
28_71,28,71,1,0,0,1,0.0,0.0,0.0,27.0,January,January:1,,-0.33,0.0,Punjab, Rahim Yar Khan District districts 
28_84,28,84,1,1,1,1,0.0,72.0,75000.0,89.0,December,December:1,,0.28,9.52,West, Western provinces
29_-106,29,-106,6,0,0,4,0.0,399.0,0.0,13.5,January,January:2;October:1;November:1;December:2,0.0,1.14,22.98,Chihuahua,"Chihuahua, Chihuahua State, Chihuahua province"
29_76,29,76,2,0,1,2,0.0,403.0,200.0,66.0,March,March:1;December:1,,0.72,16.45,Haryana, Haryana
29_77,29,77,4,2,2,3,0.0,3278.0,0.0,18.75,December,January:1;May:1;December:2,0.0,1.27,25.05,NCT Of Delhi," Delhi provinces,  West, Delhi, New Delhi"
29_78,29,78,1,1,1,1,0.0,16.0,0.0,2.0,December,December:1,,0.08,6.29,Uttar Pradesh,Muzaffarnagar district 
29_82,29,82,2,0,0,1,0.0,153.0,200.0,44.0,December,December:1,,0.59,14.31,Mid-Western," Mid Western, Nepalguni"
30_-111,30,-111,2,0,1,2,500000.0,24.0,120000.0,17.0,February,February:1;December:1,,4.27,71.98,Sonora, Sonora
30_27,30,27,1,1,1,1,0.0,110.0,66.0,0.0,August,August:1,,0.34,10.45,Matrouh, Marsa Matruh district 
30_31,30,31,1,0,0,1,0.0,3.0,105.0,27.0,January,January:1,,-0.13,3.08,Al Qalyubiyah,Kalyoubia
30_94,30,94,1,0,0,0,0.0,0.0,2000.0,27.0,September,September:1,,-0.33,0.0,Xizang,Tibet
31_-6,31,-6,1,1,1,1,0.0,0.0,70000.0,4.0,January,January:1,,-0.33,0.0,Souss-Massa-Draa, Ouarzazate
31_-99,31,-99,1,0,0,1,4275000.0,130.0,0.0,80.0,May,May:1,,4.94,82.61,Texas, Texas
31_103,31,103,1,0,1,1,281000.0,2.0,4033472.0,23.0,January,January:1,,3.59,61.43,Sichuan,Sichuan Sheng
31_121,31,121,2,1,1,2,0.0,40.0,200.0,36.0,July,July:2,,0.4,11.38,Shanghai,"Shanghai Shi province, Shanghai city "
31_72,31,72,5,1,1,4,400000.0,2533.0,80000.0,22.0,June,May:1;June:2;July:1;December:1,0.0,5.2,86.54,Punjab," Punjab,  Punjab provinces, Punjab, Punjab province"
31_75,31,75,4,0,3,3,0.0,629.0,0.0,32.25,December,January:1;December:3,0.0,1.04,21.39,Punjab, Punjab
31_77,31,77,1,0,1,1,0.0,80.0,0.0,17.0,January,January:1,,0.3,9.75,Himachal Pradesh, Sundernagar city 
32_35,32,35,1,0,0,1,0.0,0.0,0.0,27.0,July,July:1,,-0.33,0.0,Tel Aviv, Tel Aviv provinces
32_36,32,36,1,0,0,1,0.0,0.0,12.0,27.0,July,July:1,,-0.33,0.0,Amman,Amman province
32_77,32,77,1,1,1,1,0.0,140.0,0.0,1.0,December,December:1,,0.37,10.98,Himachal Pradesh,Himachal Pradesh
32_88,32,88,1,0,1,1,20200.0,0.0,50650.0,2.0,February,February:1,,2.65,46.61,Xizang,Xizang Zizhiqu province
33_-3,33,-3,1,0,1,1,0.0,0.0,7500.0,27.0,February,February:1,,-0.33,0.0,Oriental,Figuig district 
33_-7,33,-7,1,0,0,1,809.0,0.0,0.0,27.0,August,August:1,,1.68,31.49,Chaouia-Ouardigha,Settat district 
33_-83,33,-83,1,0,0,0,1750000.0,48.0,0.0,58.0,July,July:1,,4.54,76.23,Georgia, Georgia
33_-87,33,-87,1,0,0,1,0.0,35.0,0.0,27.0,July,July:1,,0.18,7.95,Alabama, Alabama provinces
33_62,33,62,1,0,1,1,0.0,1317.0,170684.0,41.0,January,January:1,,0.69,15.94,Farah, Farah provinces
34_-112,34,-112,2,0,0,2,0.0,47.0,31.0,26.5,June,June:1;July:1,,0.42,11.73,Arizona,"Arizona, Arizona province"
34_-4,34,-4,2,2,2,2,0.0,0.0,1500000.0,0.0,February,February:2,,-0.13,3.13,Taza-Al Hoceima-Taounate," Guercif ,  Guercif cities "
34_134,34,134,1,1,1,1,0.0,27.0,17000.0,15.0,July,July:1,,0.15,7.4,Tokushima, Tokusima
34_4,34,4,1,1,1,1,0.0,0.0,125000.0,4.0,January,January:1,,-0.33,0.0,Djelfa, Djelfa
34_75,34,75,1,0,1,1,0.0,135.0,50000.0,47.0,December,December:1,,0.37,10.9,Jammu And Kashmir,Srinagar city 
34_77,34,77,3,1,1,3,0.0,137.0,25.0,21.67,January,January:1;March:1;December:1,,0.71,16.29,Jammu And Kashmir," Jammu and Kashmir, Jammu and Kashmir province"
35_-5,35,-5,1,1,1,1,0.0,0.0,900000.0,42.0,January,January:1,,-0.33,0.0,Tanger-Tetouan, Tanger-Tétouan
35_133,35,133,1,1,1,1,1600000.0,5.0,0.0,6.0,January,January:1,,4.21,71.15,Hiroshima, Hirosima
35_135,35,135,2,1,2,2,0.0,374.0,76000.0,104.0,May,May:1;July:1,,0.71,16.29,Hyogo," Hyoogo,  Kobe city "
35_137,35,137,1,0,0,1,0.0,62.0,3000.0,16.0,August,August:1,,0.26,9.19,Aichi,Aiti
35_138,35,138,1,1,1,1,0.0,3.0,490.0,2.0,August,August:1,,-0.13,3.08,Shizuoka, Kawanehoncho
35_33,35,33,2,0,0,2,0.0,7.0,450.0,42.0,June,June:1;July:1,,0.17,7.75,Larnaca," Larnaca, Nicosia province"
36_-86,36,-86,1,0,0,0,2000000.0,1260.0,0.0,119.0,June,June:1,,5.04,84.07,Tennessee, Tennessee
36_111,36,111,1,0,0,0,29000.0,24.0,100000.0,27.0,January,January:1,,3.21,55.46,Shanxi,Xinjiang Region
36_139,36,139,3,2,2,3,0.0,161.0,60487.0,26.0,July,July:2;August:1,0.0,0.74,16.65,Tokyo," Tokyo, Kumagaya , Tookyoo province"
36_140,36,140,1,1,1,1,0.0,5.0,3200.0,3.0,July,July:1,,-0.07,3.98,Chiba,Funabashi 
36_69,36,69,1,0,0,1,10.0,150.0,100000.0,20.0,January,January:1,,1.1,22.41,Baghlan, Baghlan provinces
37_-5,37,-5,2,0,0,1,280000.0,375.0,70.0,29.0,July,July:2,,4.48,75.27,Andalucia,"Andaloucia province, Andalusia"
37_30,37,30,1,0,0,1,0.0,2.0,50.0,57.0,June,June:1,,-0.17,2.44,Burdur,Burdur
37_69,37,69,1,0,0,1,0.0,177.0,100000.0,27.0,November,November:1,,0.41,11.5,Kunduz,Kunduz province
37_71,37,71,2,0,1,2,0.0,66.0,68.0,1.0,January,January:1;April:1,,0.47,12.47,Badakhshan,"Badakhshan, Badakhshan province"
38_-121,38,-121,1,0,0,1,0.0,164.0,0.0,32.0,July,July:1,,0.4,11.33,California,Modesto city 
38_-9,38,-9,1,0,0,1,0.0,462.0,0.0,88.0,June,June:1,,0.54,13.62,Setubal, Setubal
38_-92,38,-92,2,0,1,1,1100000.0,240.0,0.0,1.0,January,January:1;July:1,,4.82,80.72,Missouri," Missouri, St Louis"
38_114,38,114,1,0,0,1,0.0,7.0,3500.0,27.0,July,July:1,,-0.03,4.61,Hebei, Shijiazhuang district 
38_131,38,131,1,1,1,1,1600000.0,5.0,0.0,6.0,January,January:1,,4.21,71.15,Gyeongsangbuk-Do, Ulleungedo 
38_140,38,140,1,0,1,1,0.0,170.0,15000.0,6.0,July,July:1,,0.4,11.41,Yamagata, Yamagata
38_26,38,26,1,1,1,1,0.0,6.0,0.0,0.0,January,January:1,,-0.05,4.32,Aegean,Aegean Islands
38_69,38,69,1,0,1,1,840000.0,0.0,2000000.0,58.0,January,January:1,,3.77,64.14,Khatlon,Khatlon province
38_74,38,74,1,1,1,1,0.0,0.0,2500.0,58.0,January,January:1,,-0.33,0.0,Gorno-Badakhshan, Tokhtamish
39_-1,39,-1,2,0,0,2,0.0,940.0,0.0,44.5,June,June:1;December:1,,0.84,18.33,Comunidad Valenciana," Comunitat Valenciana,  Comunitat Valenciana provinces"
39_-106,39,-106,1,0,0,0,0.0,11.0,0.0,0.0,June,June:1,,0.03,5.51,Colorado, Colorado
39_-77,39,-77,1,1,1,1,0.0,0.0,0.0,8.0,January,January:1,,-0.33,0.0,Maryland, Maryland
39_-8,39,-8,1,0,1,1,0.0,0.0,0.0,1.0,November,November:1,,-0.33,0.0,Evora, Evora
39_-9,39,-9,1,0,0,1,280000.0,345.0,0.0,58.0,July,July:1,,4.26,71.95,Lisboa, Lisboa
39_127,39,127,1,1,1,1,0.0,0.0,13768.0,23.0,July,July:1,,-0.33,0.0,Hamgyong-Namdo,Kumya county 
39_16,39,16,2,0,0,2,0.0,12.0,50.0,28.5,June,June:1;July:1,,0.24,8.83,Calabria,Calabria
39_26,39,26,1,0,1,1,0.0,5.0,0.0,27.0,February,February:1,,-0.07,3.98,Aegean, Voreio Aigaio provinces
39_38,39,38,1,0,0,1,0.0,10.0,0.0,1.0,January,January:1,,0.01,5.32,Malatya,Aragpir city 
40_-3,40,-3,1,0,0,1,0.0,26.0,0.0,4.0,July,July:1,,0.14,7.31,Castilla-La Mancha, Castilla-La Mancha
40_-75,40,-75,1,0,0,0,0.0,40.0,0.0,0.0,December,December:1,,0.2,8.24,Pennsylvania, Philadelphia
40_-83,40,-83,1,0,1,1,0.0,22.0,0.0,3.0,July,July:1,,0.12,6.96,Ohio, Ohio
40_-86,40,-86,1,0,0,0,40000.0,0.0,0.0,0.0,December,December:1,,2.85,49.83,Indiana, Indiana
40_-89,40,-89,1,0,0,0,0.0,80.0,0.0,27.0,July,July:1,,0.3,9.75,Illinois,Illinois state
40_116,40,116,2,0,0,0,0.0,120.0,180.0,13.5,July,July:1;August:1,,0.55,13.78,Beijing,Beijing
40_20,40,20,1,0,0,1,0.0,2.0,50.0,57.0,June,June:1,,-0.17,2.44,Peloponnese; Western Greece And The Ionian Islands,kerkyras district
40_43,40,43,2,0,0,2,1000.0,11.0,300.0,44.5,June,June:1;December:1,,2.3,41.13,Agri," Agri, Agri"
40_45,40,45,1,1,1,1,0.0,0.0,12000.0,89.0,December,December:1,,-0.33,0.0,Erevan,Yerevan province
40_50,40,50,1,0,1,1,0.0,5.0,0.0,27.0,February,February:1,,-0.07,3.98,Absheron,Baku district 
40_69,40,69,1,0,1,1,0.0,45.0,68.0,1.0,January,January:1,,0.22,8.5,Leninabad, Sogd
41_-8,41,-8,1,0,1,1,0.0,1.0,0.0,27.0,January,January:1,,-0.23,1.54,Porto,Porto
41_20,41,20,2,0,0,2,0.0,5.0,50.0,42.0,June,June:1;July:1,,0.13,7.11,Durres," Lushnjë, Durres district"
41_21,41,21,3,1,2,3,0.0,7.0,8850.0,30.0,February,February:1;June:1;December:1,0.0,0.31,9.97,Bitola," Bitola, Belcista district, Bitola province"
41_23,41,23,1,0,0,1,3000.0,27.0,176.0,27.0,July,July:1,,2.55,45.04,Macedonia And Thrace, Kentriki Makedonia
41_29,41,29,2,0,0,1,0.0,59.0,0.0,13.5,March,March:1;December:1,,0.45,12.22,Istanbul," Bayrampasa distrcits , Istanbul"
42_-3,42,-3,1,0,0,0,824300.0,0.0,0.0,0.0,April,April:1,,3.76,64.05,La Rioja,Rioja
42_-9,42,-9,1,0,0,1,0.0,940.0,0.0,57.0,June,June:1,,0.64,15.2,Viana Do Castelo, Viana Do Castelo
42_13,42,13,1,0,1,1,0.0,0.0,0.0,1.0,November,November:1,,-0.33,0.0,Lazio, Roma district 
42_19,42,19,1,0,1,1,0.0,5.0,0.0,27.0,February,February:1,,-0.07,3.98,Bar, Bar provinces
42_20,42,20,2,1,2,2,0.0,11.0,230000.0,29.0,January,January:2,,0.23,8.65,Diber,"Peshkopi, Puke"
42_21,42,21,2,0,1,2,0.0,20.0,230000.0,42.5,January,January:1;December:1,,0.31,9.89,Prizren," Skopje provinces,  Suhareka cities "
42_22,42,22,2,1,1,2,0.0,9.0,0.0,13.5,January,January:1;July:1,,0.2,8.24,Kocani," Kocani,  Stip"
42_23,42,23,1,0,1,1,0.0,10.0,0.0,27.0,January,January:1,,0.01,5.32,Sofia, Samokov
42_25,42,25,1,0,0,1,0.0,2.0,50.0,57.0,June,June:1,,-0.17,2.44,Smolyan, Smoljan
42_27,42,27,1,0,0,1,0.0,0.0,0.0,32.0,December,December:1,,-0.33,0.0,Burgas,Burgas
43_-76,43,-76,5,1,1,3,1200000.0,323.0,0.0,13.2,July,July:3;August:1;December:1,0.0,5.23,87.14,New York," N-York,  New York, New York, New York province"
43_18,43,18,1,0,0,1,0.0,2.0,50.0,57.0,June,June:1,,-0.17,2.44,Federacija Bosna I Hercegovina, Capljina cities 
43_22,43,22,3,0,2,3,0.0,11.0,70.0,22.67,February,February:1;July:1;December:1,,0.37,10.87,Jablanicki," Leskovac city ,  Medvela,  Pcinjski"
43_23,43,23,2,0,1,2,0.0,6.0,323.0,17.5,January,January:1;November:1,,0.15,7.45,Montana," Tran district , Montana"
43_24,43,24,2,0,0,2,50.0,7.0,0.0,42.0,January,January:1;June:1,,1.35,26.24,Sofia,"Sofia, Sofia province"
43_25,43,25,1,0,1,1,0.0,5.0,0.0,27.0,February,February:1,,-0.07,3.98,Gabrovo, Sevlievo district 
43_3,43,3,4,0,1,4,280000.0,352.0,0.0,29.5,February,February:1;July:1;November:1;December:1,-0.3731,4.72,79.08,Occitanie," Midi-Pyrenees,  Midi-Pyrénées provinces"
43_75,43,75,2,0,1,2,0.0,27.0,50.0,2.0,October,October:1;December:1,,0.35,10.53,Biskek,"Bishkek, Bishkek province"
44_-73,44,-73,1,0,1,1,0.0,0.0,0.0,3.0,December,December:1,,-0.33,0.0,Vermont, Vermont provinces
44_11,44,11,1,0,0,1,280000.0,345.0,0.0,58.0,July,July:1,,4.26,71.95,Toscana, Firenze district 
44_18,44,18,2,0,2,2,0.0,6.0,10000.0,27.0,January,January:1;February:1,,0.15,7.45,Federacija Bosna I Hercegovina," Stari Grad,  Zenica city "
44_20,44,20,1,0,1,1,0.0,3.0,0.0,27.0,January,January:1,,-0.13,3.08,Kolubarski, Valjevo city 
44_21,44,21,1,0,1,1,0.0,2.0,0.0,9.0,December,December:1,,-0.17,2.44,Rasinski,Krusevac city 
44_22,44,22,1,0,0,1,0.0,0.0,0.0,32.0,December,December:1,,-0.33,0.0,Zajecarski, Zajecarski
44_24,44,24,1,0,0,1,0.0,2.0,50.0,57.0,June,June:1,,-0.17,2.44,Olt, Olt
44_25,44,25,1,0,1,1,0.0,5.0,0.0,27.0,February,February:1,,-0.07,3.98,Teleorman, Teleorman
44_26,44,26,5,1,1,5,0.0,145.0,600.0,9.0,July,January:1;July:2;December:2,0.0,0.92,19.55,Bucharest,"Bucarest province, Bucuresti, Bucuresti province, Bucuresti provinces"
44_27,44,27,1,0,1,1,0.0,3.0,0.0,14.0,December,December:1,,-0.13,3.08,Silistra, Silistra
44_9,44,9,1,0,0,1,0.0,0.0,0.0,32.0,December,December:1,,-0.33,0.0,Liguria, Liguria
45_-69,45,-69,1,0,0,1,0.0,3.0,0.0,3.0,January,January:1,,-0.13,3.08,Maine, Maine
45_-90,45,-90,2,0,0,1,0.0,726.0,0.0,13.5,July,July:1;August:1,,0.81,17.76,Wisconsin," Wisconsin,  Wisconsin provinces"
45_14,45,14,1,0,0,1,240000.0,40.0,200.0,27.0,June,June:1,,3.92,66.49,Primorsko-Goranska, Rijeka city 
45_16,45,16,1,0,1,1,0.0,5.0,0.0,27.0,February,February:1,,-0.07,3.98,Sisacko-Moslavacka, Sisak-moslavia
45_17,45,17,1,0,1,1,0.0,2.0,0.0,9.0,December,December:1,,-0.17,2.44,Repuplika Srpska,Banja Luka district 
45_20,45,20,4,2,3,3,0.0,45.0,13000.0,8.0,January,January:3;July:1,0.0,0.67,15.58,Grad Beograd," Novi Sad city ,  Zrenjanin city , Belgrade, Belgrade "
45_21,45,21,1,0,0,1,0.0,2.0,50.0,57.0,June,June:1,,-0.17,2.44,Juzno-Banatski, Juzno-banatski
45_22,45,22,1,0,1,1,0.0,1.0,0.0,27.0,January,January:1,,-0.23,1.54,Caras-Severin, Caras-severin
45_27,45,27,1,0,0,1,0.0,0.0,0.0,32.0,December,December:1,,-0.33,0.0,Ialomita, Ialomita
45_34,45,34,1,0,0,1,85000.0,0.0,0.0,10.0,May,May:1,,3.08,53.37,Crimea, Krym
45_9,45,9,3,0,3,3,0.0,17.0,0.0,11.67,February,February:1;August:1;December:1,0.0,0.43,11.77,Lombardia," Milano district , Milano district "
46_0,46,0,1,0,0,0,772000.0,0.0,0.0,1.0,April,April:1,,3.74,63.74,Nouvelle-Aquitaine, Cognac
46_101,46,101,1,1,1,1,0.0,0.0,264000.0,58.0,January,January:1,,-0.33,0.0,Bayanhongor, Bayankhongor
46_14,46,14,1,1,1,1,0.0,1.0,50000.0,2.0,January,January:1,,-0.23,1.54,Notranjsko-kraska,Notranjsko-kraska province
46_15,46,15,1,0,0,1,280000.0,345.0,0.0,58.0,July,July:1,,4.26,71.95,Spodnjeposavska, Spodnjeposavska
46_16,46,16,4,0,2,4,280000.0,350.0,0.0,28.25,December,July:1;December:3,0.0,4.72,79.07,Grad Zagreb," Zagreb provinces, Cakovec city "
46_22,46,22,2,0,1,2,0.0,5.0,0.0,14.0,July,July:1;December:1,,0.13,7.11,Arad, Arad
46_28,46,28,1,0,0,1,0.0,26.0,200.0,29.0,June,June:1,,0.14,7.31,Galati, Galati
46_5,46,5,2,0,2,2,0.0,3.0,200.0,0.5,January,January:1;November:1,,0.07,6.21,Auvergne-Rhone-Alpes," Auvergne, Lyon city "
46_6,46,6,1,0,1,1,0.0,0.0,0.0,1.0,November,November:1,,-0.33,0.0,Geneve,Geneve province
46_9,46,9,1,0,0,1,0.0,0.0,0.0,32.0,December,December:1,,-0.33,0.0,Ticino, Ticino
47_-120,47,-120,2,0,1,1,0.0,171.0,0.0,23.0,June,June:2,,0.6,14.56,Washington,"District of Columbia, Washigton"
47_10,47,10,2,0,1,2,280000.0,350.0,0.0,42.5,February,February:1;July:1,,4.47,75.12,Graubunden," Voralberg, Graubunden"
47_13,47,13,1,0,0,1,0.0,0.0,0.0,32.0,December,December:1,,-0.33,0.0,Salzburg, Salzburg
47_14,47,14,1,0,0,1,0.0,2.0,50.0,57.0,June,June:1,,-0.17,2.44,Karnten, Karnten
47_15,47,15,1,0,1,1,0.0,2.0,0.0,1.0,December,December:1,,-0.17,2.44,Steiermark,Steiermark province
47_18,47,18,1,0,0,1,0.0,2.0,50.0,57.0,June,June:1,,-0.17,2.44,Veszprem, Veszprem
47_19,47,19,1,0,0,1,0.0,81.0,0.0,27.0,December,December:1,,0.3,9.78,Bacs-Kiskun,Bacs-kiskun
47_21,47,21,1,0,1,1,0.0,10.0,0.0,27.0,January,January:1,,0.01,5.32,Bekes,Battonya city 
47_27,47,27,1,0,0,1,0.0,60.0,1700.0,0.0,November,November:1,,0.26,9.12,Iasi,Jasi
47_29,47,29,1,0,0,1,0.0,0.0,0.0,32.0,December,December:1,,-0.33,0.0,Chisinau,Chisinau province
47_32,47,32,1,1,1,1,0.0,21.0,0.0,2.0,January,January:1,,0.11,6.86,Mykolayiv, Mykolayivs'ka
47_34,47,34,1,0,1,1,0.0,1.0,0.0,27.0,January,January:1,,-0.23,1.54,Kherson,Khersons'ka province
47_7,47,7,2,0,1,2,280000.0,348.0,0.0,36.0,July,July:1;December:1,,4.47,75.1,Jura," Jura,  Neuchâtel"
47_8,47,8,1,0,0,1,0.0,0.0,0.0,0.0,December,December:1,,-0.33,0.0,Bern,Bern province
48_15,48,15,1,0,1,1,0.0,5.0,0.0,27.0,February,February:1,,-0.07,3.98,Steiermark, Niedterosterreich
48_18,48,18,3,0,1,3,280000.0,350.0,0.0,39.0,February,February:1;July:1;December:1,0.0,4.61,77.34,Nitriansky," Komarom-esztergom,  Nitra"
48_20,48,20,1,0,0,1,0.0,0.0,0.0,32.0,December,December:1,,-0.33,0.0,Heves, Heves
48_23,48,23,1,0,1,1,0.0,3.0,0.0,27.0,January,January:1,,-0.13,3.08,Satu Mare, Satu Mare
48_27,48,27,2,0,1,2,0.0,15.0,0.0,13.5,February,February:1;December:1,,0.27,9.29,Botosani," Botosani, Edinet province"
48_38,48,38,3,0,2,3,0.0,5.0,0.0,15.67,December,December:3,0.0,0.27,9.34,Donets'k," Donets'ka, Dones'tka"
49_11,49,11,1,0,1,1,0.0,5.0,0.0,27.0,February,February:1,,-0.07,3.98,Bayern, Bayern
49_14,49,14,1,0,0,1,0.0,0.0,0.0,32.0,December,December:1,,-0.33,0.0,Jihocesky,Jihocesky
49_17,49,17,1,0,0,1,280000.0,345.0,0.0,58.0,July,July:1,,4.26,71.95,Jihomoravsky, Jihomoravsky
49_20,49,20,1,0,1,1,0.0,5.0,0.0,27.0,February,February:1,,-0.07,3.98,Presovsky,Sunava city 
49_21,49,21,2,0,1,2,0.0,2.0,50.0,29.0,June,June:1;November:1,,0.03,5.57,Presovsky, Presov
49_9,49,9,1,0,0,1,280000.0,345.0,0.0,58.0,July,July:1,,4.26,71.95,Baden-Wurttemberg,Baden-Wuerttemberg
49_93,49,93,3,2,3,3,62000.0,5.0,1891113.0,123.0,December,November:1;December:2,0.0,3.58,61.22,Uvs," Zavkhan,  Zavxan,  Zavxan provinces"
50_-86,50,-86,2,1,1,1,2000000.0,0.0,0.0,78.0,January,January:1;December:1,,4.23,71.36,Ontario,Ontario
50_14,50,14,2,0,2,2,0.0,3.0,0.0,7.5,November,November:1;December:1,,0.07,6.21,Prague," Praha, Praha city "
50_18,50,18,1,0,1,1,0.0,5.0,0.0,27.0,February,February:1,,-0.07,3.98,Moravskoslezsky,Opava district 
50_2,50,2,4,1,3,4,0.0,1353.0,0.0,22.5,June,January:1;June:2;December:1,-0.2381,1.15,23.09,Hauts-de-France, Nord-Pas-de-Calais
50_20,50,20,1,0,0,1,0.0,84.0,0.0,27.0,December,December:1,,0.3,9.86,Malopolskie, Malopolske
50_22,50,22,3,0,2,3,0.0,15.0,0.0,31.0,January,January:1;October:1;December:1,0.0,0.41,11.51,Podkarpackie, Podkarpackie
50_30,50,30,1,0,1,1,0.0,5.0,0.0,27.0,February,February:1,,-0.07,3.98,Kiev, Kyyivs'ka provinces
50_5,50,5,4,1,1,4,280000.0,1697.0,0.0,30.25,June,June:2;July:1;November:1,0.0,4.94,82.57,Wallonie," Region wallonne,  Region wallonne provinces,  Région wallonne"
50_6,50,6,1,0,0,1,280000.0,345.0,0.0,58.0,July,July:1,,4.26,71.95,Diekirch,Diekirch
50_82,50,82,1,0,0,1,0.0,3.0,12.0,27.0,January,January:1,,-0.13,3.08,East Kazakhstan,Ust Kamenogorsk area 
51_-2,51,-2,1,0,0,1,0.0,2.0,0.0,1.0,November,November:1,,-0.17,2.44,England, Wiltshire districts 
51_114,51,114,1,0,0,1,0.0,0.0,0.0,32.0,December,December:1,,-0.33,0.0,Zabaykal'ye, Aginskiy Buryatskiy A. Okrug
51_12,51,12,1,0,1,1,0.0,0.0,0.0,1.0,November,November:1,,-0.33,0.0,Sachsen-Anhalt,Querfurt area 
51_13,51,13,1,0,1,1,0.0,2.0,0.0,1.0,December,December:1,,-0.17,2.44,Sachsen, Leipzig district 
51_14,51,14,1,0,0,1,0.0,940.0,0.0,57.0,June,June:1,,0.64,15.2,Sachsen,Dresden district
51_16,51,16,1,0,1,1,0.0,26.0,0.0,57.0,November,November:1,,0.14,7.31,Dolnoslaskie,Dolnoslaskie
51_21,51,21,1,0,0,1,0.0,183.0,0.0,119.0,October,October:1,,0.41,11.57,Swietokrzyskie, Swietokrzyskie
51_4,51,4,3,0,2,3,0.0,10.0,0.0,28.67,February,February:2;December:1,,0.36,10.68,Bruxelles," Zeeland, Region de Bruxelles-Capitale / Brussels Hoofdstedelijk Gewes, Vlaams Gewest province"
51_5,51,5,1,0,1,1,0.0,1.0,0.0,27.0,January,January:1,,-0.23,1.54,Vlaanderen,Leuven city 
51_8,51,8,1,0,0,1,0.0,2.0,0.0,1.0,November,November:1,,-0.17,2.44,Nordrhein-Westfalen,Nordrhein-Westfalen province
51_9,51,9,1,0,1,1,0.0,3.0,0.0,14.0,December,December:1,,-0.13,3.08,Hessen, Hessen
52_12,52,12,2,0,1,2,0.0,1.0,0.0,29.5,January,January:1;December:1,,-0.03,4.67,Sachsen-Anhalt, Sachsen-Anhalt
52_15,52,15,1,0,1,1,0.0,5.0,0.0,27.0,February,February:1,,-0.07,3.98,Lubuskie, Lubuskie
52_17,52,17,1,0,1,1,0.0,2.0,0.0,1.0,December,December:1,,-0.17,2.44,Wielkopolskie, Wielkopolskie
52_19,52,19,1,0,1,1,0.0,0.0,0.0,1.0,November,November:1,,-0.33,0.0,Lodzkie, Lodzkie
52_21,52,21,2,1,2,2,0.0,80.0,0.0,20.5,January,January:1;December:1,,0.5,12.89,Mazowieckie, Mazowieckie
52_25,52,25,2,1,1,2,30300.0,6.0,0.0,13.5,January,January:1;May:1,,3.25,55.97,Brest," Brest, Brest"
52_28,52,28,1,1,1,1,0.0,4.0,11325.0,58.0,January,January:1,,-0.1,3.57,Homyel', Lel'chitsy
52_5,52,5,2,0,0,2,0.0,940.0,0.0,44.5,June,June:1;December:1,,0.84,18.33,Noord-Brabant," Noord-brabant, Amsterdam "
52_6,52,6,1,0,0,1,280000.0,345.0,0.0,58.0,July,July:1,,4.26,71.95,Overijssel,Overijssel
53_-1,53,-1,2,1,1,2,280000.0,1105.0,0.0,42.5,July,July:2,,4.63,77.66,England,England
53_-61,53,-61,1,0,0,0,0.0,0.0,200.0,0.0,January,January:1,,-0.33,0.0,Newfoundland And Labrador, Newfoundland
53_-72,53,-72,2,2,2,2,200000.0,80.0,0.0,3.5,June,June:1;December:1,,4.16,70.28,Quebec," Quebec provinces, Quebec"
53_123,53,123,1,1,1,1,1600000.0,5.0,0.0,6.0,January,January:1,,4.21,71.15,Heilongjiang, Mohe area 
53_23,53,23,1,1,1,1,0.0,21.0,0.0,2.0,January,January:1,,0.11,6.86,Podlaskie, Podlaskie
53_24,53,24,1,0,1,1,0.0,5.0,0.0,27.0,February,February:1,,-0.07,3.98,Hrodna, Volkovysk districts 
53_33,53,33,1,0,0,1,0.0,0.0,0.0,0.0,May,May:1,,-0.33,0.0,Bryansk,North Caucasus region
53_7,53,7,1,0,0,1,0.0,2.0,0.0,1.0,November,November:1,,-0.17,2.44,Drenthe,Drenthe
54_18,54,18,1,0,0,1,0.0,270.0,0.0,102.0,October,October:1,,0.47,12.43,Pomorskie, Pomorskie
54_21,54,21,2,2,2,2,0.0,103.0,0.0,14.5,January,January:1;March:1,,0.53,13.44,Warminsko-Mazurskie," Warminsko-Mazurskie,  Warminsko-Mazurskie provinces"
54_28,54,28,1,0,0,1,0.0,0.0,0.0,32.0,December,December:1,,-0.33,0.0,Minsk,Minsk province
54_30,54,30,1,1,1,1,0.0,2.0,31500.0,11.0,January,January:1,,-0.17,2.44,Mahilyow, Mogilev provinces
55_-2,55,-2,1,0,0,1,0.0,0.0,0.0,32.0,December,December:1,,-0.33,0.0,England, Northumberland
55_24,55,24,1,0,0,1,0.0,20.0,0.0,27.0,December,December:1,,0.11,6.76,Kauno, Kauno
55_25,55,25,1,0,1,1,0.0,3.0,0.0,14.0,December,December:1,,-0.13,3.08,Vilniaus, Vilniaus provinces
55_69,55,69,1,0,1,1,0.0,0.0,5000.0,41.0,December,December:1,,-0.33,0.0,North Kazakhstan, Petropavlovsk city 
56_-4,56,-4,1,0,1,1,0.0,2.0,0.0,1.0,December,December:1,,-0.17,2.44,Scotland, Lothian
56_102,56,102,1,0,0,1,100.0,145.0,6120.0,58.0,January,January:1,,1.76,32.76,Irkutsk,Bratsk
56_15,56,15,1,0,0,1,0.0,0.0,0.0,32.0,December,December:1,,-0.33,0.0,Blekinge,Blekinge Laen
56_22,56,22,1,0,1,1,0.0,0.0,0.0,1.0,November,November:1,,-0.33,0.0,Klaipedos, Klaipedos
56_23,56,23,1,0,1,1,0.0,5.0,0.0,27.0,February,February:1,,-0.07,3.98,Siauliai, iauliu
56_38,56,38,13,0,3,8,400000.0,56997.0,26022.0,20.38,December,February:1;June:2;July:1;October:2;November:3;December:4,0.1114,6.05,100.0,Moskva," Moskovskaya Oblast,  Moskovskaya Oblast provinces, Moscou, Moscow, Moskva, Moskva province"
57_24,57,24,2,0,0,2,0.0,36.0,0.0,27.0,January,January:1;October:1,,0.39,11.15,Riga,Rigas province
57_25,57,25,2,0,1,2,0.0,5.0,0.0,29.5,February,February:1;December:1,,0.13,7.11,Riga," Ogres, Aizkraukles"
58_-5,58,-5,1,0,1,1,0.0,0.0,0.0,1.0,November,November:1,,-0.33,0.0,Scotland,Highland district 
58_26,58,26,1,0,1,1,0.0,5.0,0.0,27.0,February,February:1,,-0.07,3.98,Viljandi, Viljandi maakond
58_27,58,27,1,0,0,1,0.0,0.0,0.0,32.0,December,December:1,,-0.33,0.0,Voru, Võru maakond provinces
60_30,60,30,2,0,1,2,0.0,335.0,174.0,27.0,January,January:1;October:1,,0.7,16.04,City Of St. Petersburg," Sankt-peterburg, Sankt-peterburg"
63_154,63,154,1,0,0,1,0.0,0.0,725000.0,27.0,January,January:1,,-0.33,0.0,Maga Buryatdan, Magadam
66_130,66,130,1,0,1,1,0.0,5.0,0.0,27.0,February,February:1,,-0.07,3.98,Sakha, Sakha Rep. provinces
